fogex@node-2,vm.system_counts.process_count,,239,1653140573169339
fogex@node-2,vm.system_counts.process_count,,393,1653140578170567
fogex@node-2,vm.system_counts.process_count,,396,1653140583171435
fogex@node-2,vm.system_counts.process_count,,396,1653140588172517
fogex@node-2,vm.system_counts.process_count,,397,1653140597821589
fogex@node-2,vm.system_counts.process_count,,396,1653140602822778
fogex@node-2,vm.system_counts.process_count,,396,1653140607823908
fogex@node-2,vm.system_counts.process_count,,396,1653140612824850
fogex@node-2,vm.system_counts.process_count,,396,1653140627827818
fogex@node-2,vm.system_counts.process_count,,396,1653140632828993
fogex@node-2,vm.system_counts.process_count,,396,1653140642831446
fogex@node-2,vm.system_counts.process_count,,396,1653140647833311
fogex@node-2,vm.system_counts.process_count,,396,1653140617826256
fogex@node-2,vm.system_counts.process_count,,396,1653140622827179
fogex@node-2,vm.system_counts.process_count,,396,1653140637830177
fogex@node-2,vm.system_counts.process_count,,396,1653140657835091
fogex@node-2,vm.system_counts.process_count,,396,1653140662836300
fogex@node-2,vm.system_counts.process_count,,396,1653140652833854
fogex@node-2,vm.system_counts.process_count,,396,1653140667836709
fogex@node-2,vm.system_counts.process_count,,396,1653140672837880
fogex@node-2,vm.system_counts.process_count,,396,1653140677838801
fogex@node-2,vm.system_counts.process_count,,396,1653140682839729
fogex@node-2,vm.system_counts.process_count,,396,1653140687840864
fogex@node-2,vm.system_counts.process_count,,396,1653140692841871
fogex@node-2,vm.system_counts.process_count,,400,1653140797569568
fogex@node-2,vm.system_counts.process_count,,396,1653140802571030
