fogex@node-2,vm.system_counts.atom_count,,45104,1653140573169340
fogex@node-2,vm.system_counts.atom_count,,45131,1653140578170567
fogex@node-2,vm.system_counts.atom_count,,45131,1653140583171437
fogex@node-2,vm.system_counts.atom_count,,45131,1653140588172518
fogex@node-2,vm.system_counts.atom_count,,45131,1653140597821591
fogex@node-2,vm.system_counts.atom_count,,45131,1653140602822779
fogex@node-2,vm.system_counts.atom_count,,45131,1653140607823909
fogex@node-2,vm.system_counts.atom_count,,45131,1653140617826258
fogex@node-2,vm.system_counts.atom_count,,45131,1653140627827818
fogex@node-2,vm.system_counts.atom_count,,45131,1653140632828995
fogex@node-2,vm.system_counts.atom_count,,45131,1653140637830178
fogex@node-2,vm.system_counts.atom_count,,45131,1653140647833312
fogex@node-2,vm.system_counts.atom_count,,45131,1653140612824853
fogex@node-2,vm.system_counts.atom_count,,45131,1653140622827180
fogex@node-2,vm.system_counts.atom_count,,45131,1653140642831448
fogex@node-2,vm.system_counts.atom_count,,45131,1653140652833856
fogex@node-2,vm.system_counts.atom_count,,45131,1653140657835093
fogex@node-2,vm.system_counts.atom_count,,45131,1653140662836301
fogex@node-2,vm.system_counts.atom_count,,45131,1653140667836710
fogex@node-2,vm.system_counts.atom_count,,45131,1653140672837881
fogex@node-2,vm.system_counts.atom_count,,45131,1653140677838803
fogex@node-2,vm.system_counts.atom_count,,45131,1653140682839731
fogex@node-2,vm.system_counts.atom_count,,45131,1653140687840864
fogex@node-2,vm.system_counts.atom_count,,45131,1653140692841873
fogex@node-2,vm.system_counts.atom_count,,45131,1653140797569571
fogex@node-2,vm.system_counts.atom_count,,45131,1653140802571033
